datetime,creator_character_id,guild_id,n_added_characters,n_removed_characters,n_talents,level,n_missions_completed,n_times_flag_turned_on,mean_place,mean_rating,n_seasons
2022-12-12 23:13:42,15092203,78698,1,1.0,,,,,,,
2022-12-12 22:29:09,15961764,78604,2,2.0,,,,,,,
2022-12-12 21:01:53,16187808,78510,27,19.0,9.0,2.0,171.0,,,,
2022-12-12 00:16:52,21618959,77899,42,35.0,12.0,3.0,171.0,,,,
2022-12-12 22:13:50,23341705,78557,6,6.0,4.0,2.0,156.0,,,,
2022-12-12 00:26:46,23748506,77946,4,3.0,4.0,2.0,169.0,,,,
2022-12-12 19:43:20,23909299,78369,94,83.0,24.0,4.0,224.0,,,,
2022-12-12 00:07:19,24425304,77805,27,15.0,5.0,2.0,170.0,,,,
2022-12-12 20:06:29,25081103,78416,1,1.0,,,2.0,,,,
2022-12-12 15:29:23,25567139,78228,11,11.0,,,8.0,,,,
2022-12-12 20:28:14,25629676,78463,53,46.0,25.0,4.0,226.0,3.0,20.0,478.0,1.0
2022-12-12 22:31:00,25652331,78651,1,,,,86.0,,,,
2022-12-12 03:36:38,25797024,78040,82,70.0,20.0,3.0,168.0,1.0,15.0,458.0,1.0
2022-12-12 17:53:08,26186023,78275,24,17.0,10.0,2.0,170.0,,,,
2022-12-12 18:43:40,26232897,78322,85,76.0,16.0,3.0,231.0,2.0,10.5,485.5,2.0
2022-12-12 04:28:27,26349093,78134,8,,1.0,,169.0,,,,
2022-12-12 00:15:27,26359328,77852,89,79.0,11.0,3.0,171.0,,,,
2022-12-12 04:35:03,26467428,78181,41,35.0,9.0,3.0,169.0,,,,
2022-12-12 01:23:31,26490083,77993,13,13.0,,,,,,,
2022-12-12 03:47:33,26512899,78087,40,33.0,11.0,3.0,168.0,,,,
2022-12-12 23:23:43,26573412,78745,10,1.0,1.0,,170.0,,,,
2022-11-05 02:19:39,13793922,52472,2,,,,86.0,,,,
2022-11-05 15:09:11,19718009,52613,130,119.0,22.0,4.0,164.0,,,,
2022-11-05 20:54:50,20013628,52660,25,19.0,9.0,2.0,167.0,,,,
2022-11-05 05:31:13,21263862,52519,191,178.0,26.0,4.0,174.0,8.0,16.25,449.5,4.0
2022-11-05 13:34:57,21331505,52566,20,20.0,11.0,3.0,31.0,,,,
2022-11-11 18:42:28,17334404,54822,2,2.0,,,,,,,
2022-11-11 15:54:54,19290278,54728,1,1.0,,,21.0,,,,
2022-11-11 18:38:12,20187048,54775,55,52.0,25.0,4.0,167.0,,,,
2022-11-11 04:47:33,21909794,54681,3,,,,86.0,,,,
2022-12-07 23:43:22,25502969,74092,64,41.0,92.0,8.0,265.0,,,,
2022-11-15 22:45:43,22061088,56420,14,14.0,1.0,,1.0,,,,
2022-11-27 05:17:23,12140498,62953,70,68.0,11.0,3.0,171.0,,,,
2022-11-27 17:37:07,13161077,63470,78,58.0,40.0,5.0,227.0,2.0,5.0,604.0,1.0
2022-11-27 20:16:42,13547339,63517,2,1.0,1.0,,164.0,,,,
2022-11-27 05:06:13,15913050,62859,106,103.0,19.0,3.0,171.0,,,,
2022-11-27 14:31:19,17157810,63282,44,39.0,6.0,2.0,171.0,,,,
2022-11-27 00:51:14,17342523,62483,155,143.0,33.0,4.0,169.0,,,,
2022-11-27 17:09:10,18775791,63423,21,14.0,4.0,2.0,167.0,,,,
2022-11-27 12:47:23,20453273,63141,16,12.0,8.0,2.0,167.0,,,,
2022-11-27 05:14:38,21589841,62906,49,42.0,18.0,3.0,171.0,,,,
2022-11-27 08:47:52,21662291,63000,92,84.0,24.0,4.0,171.0,,,,
2022-11-27 12:32:55,21711097,63094,86,77.0,18.0,3.0,171.0,2.0,18.0,479.0,1.0
2022-11-27 00:46:17,21946341,62436,55,49.0,15.0,3.0,225.0,,,,
2022-11-27 13:09:39,22213739,63188,97,83.0,40.0,5.0,218.0,1.0,11.0,484.0,1.0
2022-11-27 01:01:55,22262683,62530,4,3.0,1.0,,133.0,,,,
2022-11-27 01:31:53,22298287,62624,1,1.0,,,10.0,,,,
2022-11-27 21:13:51,22321310,63564,1,1.0,,,,,,,
2022-11-27 02:51:39,22509864,62718,2,,,,86.0,,,,
2022-11-27 11:08:06,22768637,63047,29,24.0,24.0,4.0,171.0,,,,
2022-11-27 16:48:51,23684589,63376,107,104.0,17.0,3.0,170.0,,,,
2022-11-27 04:23:28,23760650,62812,9,2.0,,,86.0,,,,
2022-11-27 14:38:07,23815666,63329,10,2.0,,,86.0,,,,
2022-11-27 14:23:52,23861321,63235,16,16.0,9.0,2.0,29.0,,,,
2022-11-27 03:20:34,23970479,62765,31,30.0,7.0,2.0,171.0,,,,
2022-11-27 01:57:37,23981427,62671,11,10.0,1.0,,167.0,,,,
2022-11-27 01:16:22,24081063,62577,16,8.0,,,86.0,,,,
2022-11-27 21:37:35,24226952,63611,3,1.0,,,85.0,,,,
2022-12-18 19:20:18,22902382,83445,2,,,,86.0,,,,
2022-12-18 00:20:53,25433532,82881,2,,,,86.0,,,,
2022-12-18 11:42:09,25874235,83163,137,120.0,26.0,4.0,196.0,,,,
2022-12-18 17:38:27,25952159,83351,1,1.0,,,3.0,,,,
2022-12-18 19:04:02,26036523,83398,19,13.0,7.0,2.0,171.0,,,,
2022-12-18 00:45:22,26061409,82975,94,81.0,62.0,6.0,235.0,,,,
2022-12-18 05:51:03,26408042,83116,2,,,,86.0,,,,
2022-12-18 12:03:48,26497995,83257,13,5.0,1.0,,165.0,,,,
2022-12-18 02:58:21,27005927,83022,2,2.0,,,,,,,
2022-12-18 22:48:21,27164305,83539,23,21.0,8.0,2.0,171.0,,,,
2022-12-18 00:34:46,27338783,82928,23,21.0,9.0,2.0,171.0,,,,
2022-12-18 12:03:47,27365647,83210,1,1.0,,,2.0,,,,
2022-12-18 22:28:32,27369833,83492,2,2.0,,,21.0,,,,
2022-12-18 04:44:40,27447205,83069,1,,,,86.0,,,,
2022-12-18 17:04:04,27516642,83304,1,1.0,,,1.0,,,,
2022-12-24 23:23:51,28487633,90965,9,9.0,9.0,2.0,28.0,,,,
2022-11-21 13:28:00,12022761,58864,1,1.0,,,,,,,
2022-11-21 00:56:39,21507892,58629,3,,3.0,,165.0,,,,
2022-11-21 06:31:31,22124154,58770,12,9.0,3.0,2.0,167.0,,,,
2022-11-21 13:28:55,22405950,58911,47,46.0,18.0,3.0,167.0,,,,
2022-11-21 01:47:04,22421245,58676,6,6.0,,,34.0,,,,
2022-11-21 03:32:15,22752721,58723,57,45.0,20.0,4.0,170.0,4.0,9.5,497.5,2.0
2022-11-21 13:14:26,22906499,58817,108,90.0,62.0,6.0,244.0,1.0,,,
2022-12-02 22:05:18,24905314,69674,67,65.0,9.0,3.0,166.0,,,,
2022-12-24 10:50:42,18694739,90166,83,62.0,109.0,8.0,279.0,,,,
2022-12-24 12:11:41,21796565,90260,113,100.0,24.0,4.0,172.0,,,,
2022-12-24 10:42:48,23781511,90119,18,12.0,2.0,,173.0,,,,
2022-12-24 05:16:39,25902870,89837,11,6.0,7.0,2.0,173.0,,,,
2022-12-24 09:57:40,26015202,90072,1,1.0,,,,,,,
2022-12-24 13:45:52,26152075,90307,53,52.0,15.0,3.0,172.0,,,,
2022-12-24 06:40:59,26623046,89931,36,34.0,8.0,2.0,170.0,,,,
2022-12-24 16:54:30,26948105,90542,3,3.0,,,1.0,,,,
2022-12-24 20:17:07,27040703,90730,128,113.0,44.0,5.0,211.0,,,,
2022-12-24 05:30:07,27371305,89884,54,40.0,19.0,3.0,172.0,1.0,,,
2022-12-24 12:00:43,27501485,90213,33,29.0,15.0,3.0,171.0,,,,
2022-12-24 16:38:42,27550015,90495,3,3.0,,,,,,,
2022-12-24 17:28:06,27556846,90589,28,25.0,12.0,3.0,166.0,,,,
2022-12-24 21:56:02,27633275,90824,2,,6.0,2.0,170.0,,,,
2022-12-24 22:00:55,27871348,90871,2,,,,87.0,,,,
2022-12-24 22:15:28,27916796,90918,3,3.0,,,,,,,
2022-12-24 00:44:36,27940210,89743,17,17.0,7.0,2.0,26.0,,,,
2022-12-24 08:45:55,28054152,89978,5,2.0,9.0,2.0,171.0,,,,
2022-12-24 18:39:07,28106040,90636,12,12.0,,,4.0,,,,
2022-12-24 16:35:28,28185528,90448,1,1.0,,,,,,,
2022-12-24 15:33:35,28231620,90401,20,16.0,11.0,3.0,173.0,,,,
2022-12-24 20:46:11,28371759,90777,91,81.0,20.0,3.0,172.0,1.0,,,
2022-12-24 09:12:16,28376106,90025,11,11.0,,,1.0,,,,
2022-12-24 14:35:19,28376543,90354,12,12.0,,,2.0,,,,
2022-12-24 03:37:51,28411871,89790,62,48.0,19.0,4.0,170.0,,,,
2022-12-24 18:56:05,28459021,90683,16,8.0,5.0,2.0,173.0,,,,
2022-11-01 19:21:02,17351194,50686,118,113.0,27.0,4.0,171.0,1.0,,,
2022-11-01 15:21:07,18644852,50545,33,29.0,8.0,2.0,170.0,,,,
2022-11-01 05:48:21,19065729,50357,61,51.0,21.0,3.0,170.0,,,,
2022-11-01 14:29:58,20055327,50498,1,,,,86.0,,,,
2022-11-01 18:55:16,20309339,50639,16,7.0,1.0,,168.0,,,,
2022-11-01 06:04:56,20363665,50404,26,24.0,11.0,3.0,171.0,,,,
2022-11-01 00:25:59,20418336,50310,11,11.0,1.0,,2.0,,,,
2022-11-01 17:34:59,20603555,50592,86,76.0,17.0,3.0,218.0,1.0,9.0,470.0,1.0
2022-11-01 06:20:31,20623749,50451,12,12.0,4.0,,23.0,,,,
2022-11-01 22:22:23,20849540,50733,2,2.0,,,,,,,
2022-12-13 09:16:37,11433754,79074,109,100.0,30.0,4.0,182.0,,,,
2022-12-13 23:14:41,15961764,79873,55,49.0,19.0,3.0,167.0,,,,
2022-12-13 17:34:20,16258970,79356,1,1.0,,,1.0,,,,
2022-12-13 03:02:09,16583569,78933,37,37.0,14.0,3.0,93.0,,,,
2022-12-13 17:59:44,22656926,79450,74,61.0,34.0,4.0,176.0,1.0,,,
2022-12-13 01:41:33,22840972,78886,3,3.0,,,5.0,,,,
2022-12-13 20:02:46,23791148,79638,3,1.0,,,86.0,,,,
2022-12-13 08:27:29,24442209,79027,88,71.0,59.0,6.0,238.0,1.0,,,
2022-12-13 21:43:58,24662595,79732,22,12.0,10.0,3.0,169.0,,,,
2022-12-13 00:48:02,24829253,78792,2,1.0,,,86.0,,,,
2022-12-13 17:47:36,25231891,79403,75,75.0,26.0,4.0,90.0,,,,
2022-12-13 01:02:13,25645569,78839,31,28.0,31.0,4.0,226.0,,,,
2022-12-13 19:13:32,25725149,79544,2,,,,86.0,,,,
2022-12-13 18:43:21,26341572,79497,15,10.0,,,86.0,,,,
2022-12-13 07:52:59,26444566,78980,17,17.0,2.0,,3.0,,,,
2022-12-13 11:32:06,26574861,79121,25,18.0,5.0,2.0,169.0,,,,
2022-12-13 21:54:10,26617135,79779,122,106.0,40.0,5.0,195.0,,,,
2022-12-13 15:00:59,26625530,79309,32,27.0,17.0,3.0,171.0,,,,
2022-12-13 22:18:18,26652371,79826,95,79.0,36.0,5.0,202.0,,,,
2022-12-13 14:40:19,26661479,79262,86,65.0,71.0,7.0,266.0,,,,
2022-12-13 13:28:59,26709296,79168,113,113.0,30.0,4.0,182.0,2.0,23.0,475.0,1.0
2022-12-13 19:44:43,26715575,79591,27,17.0,8.0,2.0,169.0,,,,
2022-12-13 20:10:07,26726339,79685,24,15.0,6.0,2.0,167.0,,,,
2022-12-13 13:59:50,26737908,79215,17,9.0,4.0,2.0,170.0,,,,
2022-11-06 10:48:50,15130176,52754,7,6.0,,,86.0,,,,
2022-11-06 05:53:06,16264283,52707,1,1.0,,,,,,,
2022-11-06 11:00:59,18360112,52801,49,44.0,9.0,2.0,171.0,,,,
2022-11-06 13:03:10,18989852,52895,98,84.0,26.0,4.0,170.0,,,,
2022-11-06 16:03:25,19108624,52942,148,128.0,53.0,6.0,242.0,1.0,25.0,402.0,1.0
2022-11-06 21:56:25,19549879,52989,110,90.0,60.0,7.0,253.0,,,,
2022-11-06 11:32:32,21515160,52848,74,71.0,28.0,4.0,171.0,,,,
2022-12-08 12:22:15,14163394,74609,5,,,,86.0,,,,
2022-12-08 03:57:55,19288806,74327,3,3.0,,,7.0,,,,
2022-12-08 18:42:28,19288967,74891,144,143.0,29.0,4.0,133.0,,,,
2022-12-08 11:39:28,19469632,74515,78,70.0,29.0,4.0,171.0,,,,
2022-12-08 14:28:04,22089608,74703,1,,,,86.0,,,,
2022-12-08 00:34:47,23714811,74186,81,76.0,51.0,6.0,249.0,,,,
2022-12-08 10:24:49,24826677,74374,2,2.0,,,,,,,
2022-12-08 11:02:13,25174483,74421,19,19.0,4.0,2.0,12.0,,,,
2022-12-08 01:40:08,25205073,74233,51,46.0,16.0,3.0,166.0,,,,
2022-12-08 12:19:49,25230419,74562,38,29.0,15.0,3.0,171.0,1.0,25.0,440.0,1.0
2022-12-08 18:19:30,25494505,74844,55,46.0,11.0,3.0,170.0,,,,
2022-12-08 03:15:35,25625835,74280,2,2.0,,,5.0,,,,
2022-12-08 00:05:41,25698860,74139,2,,,,85.0,,,,
2022-12-08 11:24:11,25736442,74468,40,34.0,5.0,2.0,167.0,,,,
2022-12-08 19:55:36,25760224,74938,34,27.0,7.0,2.0,168.0,,,,
2022-12-08 14:19:31,25811790,74656,95,88.0,32.0,4.0,207.0,,,,
2022-12-08 16:18:23,25887253,74750,50,46.0,15.0,3.0,171.0,,,,
2022-12-08 17:03:39,25977114,74797,34,29.0,17.0,3.0,171.0,2.0,11.0,494.5,2.0
2022-12-08 23:04:03,26026978,74985,39,39.0,8.0,2.0,55.0,,,,
2022-11-16 15:16:36,16654432,56608,1,,,,86.0,,,,
2022-11-16 20:46:56,16915298,56796,23,11.0,7.0,2.0,171.0,,,,
2022-11-16 06:59:41,18289893,56467,25,23.0,5.0,2.0,169.0,,,,
2022-11-16 10:08:24,19609219,56514,25,14.0,9.0,2.0,168.0,,,,
2022-11-16 18:36:46,21168849,56702,5,5.0,,,,,,,
2022-11-16 11:59:19,21390868,56561,31,20.0,9.0,2.0,168.0,,,,
2022-11-16 22:58:32,21932495,56843,113,106.0,65.0,7.0,255.0,3.0,2.5,535.0,2.0
2022-11-16 16:07:51,22363584,56655,43,39.0,12.0,3.0,171.0,1.0,7.0,470.0,1.0
2022-11-16 20:44:22,22450685,56749,86,78.0,17.0,3.0,205.0,,,,
2022-11-16 23:35:56,22465980,56890,33,32.0,13.0,3.0,169.0,,,,
2022-11-27 22:35:08,24340434,63658,32,26.0,9.0,2.0,169.0,,,,
2022-12-03 17:38:06,14740901,70567,76,62.0,17.0,3.0,175.0,,,,
2022-12-03 02:06:31,17765148,69815,30,25.0,13.0,3.0,169.0,,,,
2022-12-03 07:03:10,21073123,70097,6,3.0,6.0,2.0,171.0,,,,
2022-12-03 17:02:29,22113689,70473,6,6.0,1.0,,91.0,,,,
2022-12-03 05:46:32,22570699,69956,36,36.0,7.0,2.0,156.0,4.0,14.0,492.0,1.0
2022-12-03 16:16:37,22722775,70379,1,,,,86.0,,,,
2022-12-03 14:17:09,23322454,70238,11,4.0,4.0,2.0,171.0,,,,
2022-12-03 12:17:18,23915509,70191,96,74.0,74.0,7.0,254.0,1.0,35.0,320.0,1.0
2022-12-03 00:37:32,24330337,69721,1,1.0,,,6.0,,,,
2022-12-03 04:29:44,24449523,69909,12,12.0,1.0,,1.0,,,,
2022-12-03 02:26:35,24602818,69862,22,12.0,5.0,2.0,167.0,,,,
2022-12-03 15:38:08,24845307,70332,79,69.0,13.0,3.0,171.0,,,,
2022-12-03 07:12:36,24988505,70144,36,27.0,4.0,2.0,171.0,,,,
2022-12-03 15:24:54,25083909,70285,37,32.0,11.0,3.0,171.0,2.0,28.0,410.0,1.0
2022-12-03 19:04:51,25090050,70614,1,1.0,,,,,,,
2022-12-03 01:45:58,25229246,69768,8,3.0,3.0,,169.0,,,,
2022-12-03 16:48:55,25251119,70426,11,4.0,3.0,,170.0,,,,
2022-12-03 06:28:17,25254960,70003,47,47.0,9.0,2.0,33.0,,,,
2022-12-03 06:53:56,25287229,70050,68,65.0,20.0,3.0,171.0,,,,
2022-12-03 17:09:22,25351836,70520,8,3.0,,,86.0,,,,
2022-12-19 06:01:35,15508641,83774,1,1.0,,,,,,,
2022-12-19 20:47:49,18280187,84244,58,58.0,17.0,3.0,41.0,,,,
2022-12-19 11:51:42,18550759,83868,1,1.0,,,7.0,,,,
2022-12-19 15:35:29,24034327,83962,1,,,,86.0,,,,
2022-12-19 20:18:13,24337076,84150,55,55.0,10.0,2.0,35.0,,,,
2022-12-19 20:46:37,24495270,84197,62,55.0,23.0,4.0,171.0,,,,
2022-12-19 23:41:11,25181590,84432,64,55.0,20.0,3.0,170.0,,,,
2022-12-19 22:24:14,26220569,84338,10,,1.0,,171.0,,,,
2022-12-19 23:09:12,26562142,84385,2,1.0,,,86.0,,,,
2022-12-19 19:35:04,26719416,84103,20,14.0,11.0,3.0,171.0,,,,
2022-12-19 21:46:16,26749500,84291,113,112.0,16.0,3.0,171.0,,,,
2022-12-19 11:26:41,27080033,83821,2,2.0,,,1.0,,,,
2022-12-19 05:34:47,27431128,83680,22,19.0,4.0,2.0,171.0,,,,
2022-12-19 05:44:39,27454611,83727,56,49.0,14.0,3.0,167.0,,,,
2022-12-19 03:12:23,27472666,83633,5,5.0,,,,,,,
2022-12-19 00:18:35,27586263,83586,31,31.0,9.0,2.0,23.0,,,,
2022-12-19 18:38:38,27622373,84056,41,41.0,2.0,,15.0,,,,
2022-12-19 15:05:11,27630285,83915,3,2.0,,,86.0,,,,
2022-12-19 16:37:03,27661427,84009,12,12.0,,,,,,,
2022-12-25 22:36:56,20440232,91999,3,2.0,,,87.0,,,,
2022-12-25 14:20:48,23804557,91482,2,,10.0,2.0,167.0,,,,
2022-12-25 11:17:03,23812032,91388,1,1.0,,,17.0,,,,
2022-12-25 08:56:55,24513463,91247,14,6.0,,,87.0,,,,
2022-12-25 10:27:50,25656172,91294,25,15.0,8.0,2.0,170.0,,,,
2022-12-25 08:13:30,26173718,91200,36,30.0,12.0,3.0,173.0,,,,
2022-12-25 19:42:02,26851597,91811,22,16.0,6.0,2.0,173.0,,,,
2022-12-25 11:13:58,26900863,91341,1,1.0,2.0,,134.0,,,,
2022-12-25 00:57:26,27080033,91059,1,1.0,,,1.0,,,,
2022-12-25 00:27:25,27179485,91012,1,,,,87.0,,,,
2022-12-25 18:09:54,27318980,91670,130,116.0,36.0,5.0,239.0,4.0,13.666666666666666,511.6666666666667,3.0
2022-12-25 20:41:01,27324592,91858,84,72.0,16.0,3.0,173.0,1.0,20.0,398.0,1.0
2022-12-25 21:32:27,27403160,91905,40,38.0,10.0,2.0,172.0,,,,
2022-12-25 07:30:48,27419973,91153,1,1.0,,,1.0,,,,
2022-12-25 22:35:55,27954401,91952,100,85.0,29.0,4.0,185.0,,,,
2022-12-25 16:14:23,28192014,91576,13,4.0,,,87.0,,,,
2022-12-25 19:34:11,28360144,91764,91,77.0,26.0,4.0,199.0,,,,
2022-12-25 14:39:12,28463299,91529,67,57.0,36.0,5.0,223.0,,,,
2022-12-25 18:45:13,28473005,91717,15,9.0,,,87.0,,,,
2022-12-25 06:36:20,28479307,91106,2,2.0,,,,,,,
2022-12-25 14:16:32,28624805,91435,1,1.0,,,,,,,
2022-12-25 16:33:17,28648058,91623,2,,,,87.0,,,,
2022-11-12 21:04:40,21808962,55433,2,2.0,,,,,,,
2022-12-14 10:50:25,17837322,80296,2,,,,85.0,,,,
2022-12-14 12:46:19,20448397,80390,90,83.0,24.0,3.0,168.0,,,,
2022-12-14 00:59:33,22071967,80014,7,1.0,8.0,2.0,170.0,,,,
2022-12-14 14:04:03,24027105,80484,44,36.0,18.0,3.0,171.0,,,,
2022-12-14 18:50:05,25312207,80578,10,5.0,3.0,2.0,166.0,,,,
2022-12-14 10:19:32,25625720,80249,24,23.0,8.0,2.0,167.0,,,,
2022-12-14 13:25:13,25643637,80437,1,1.0,,,,,,,
2022-12-14 04:50:27,26308337,80061,29,28.0,11.0,3.0,169.0,,,,
2022-12-14 00:02:23,26337501,79920,30,20.0,6.0,2.0,170.0,,,,
2022-12-14 00:56:23,26468072,79967,22,16.0,12.0,3.0,166.0,,,,
2022-12-14 11:47:53,26564649,80343,24,20.0,3.0,2.0,168.0,,,,
2022-12-14 05:42:27,26584199,80108,78,67.0,13.0,3.0,169.0,,,,
2022-12-14 06:11:31,26610902,80155,38,35.0,21.0,3.0,169.0,1.0,13.0,461.0,1.0
2022-12-14 16:54:53,26660398,80531,19,12.0,11.0,3.0,166.0,,,,
2022-12-14 09:45:31,26868640,80202,50,40.0,12.0,3.0,169.0,,,,
2022-12-25 23:42:34,27335770,92046,40,34.0,10.0,3.0,173.0,,,,
2022-11-21 13:39:36,16364701,58958,1,,,,85.0,,,,
2022-12-08 23:58:43,18421430,75032,1,,,,86.0,,,,
2022-12-26 18:32:39,15757800,92704,1,,,,87.0,,,,
2022-12-26 16:23:42,22517063,92610,2,,,,87.0,,,,
2022-12-26 11:31:30,22933018,92375,1,,,,87.0,,,,
2022-12-26 23:04:04,23377010,92845,5,5.0,3.0,2.0,29.0,,,,
2022-12-26 16:49:09,25945995,92657,53,40.0,25.0,4.0,172.0,,,,
2022-12-26 15:32:01,26766520,92516,1,,,,87.0,,,,
2022-12-26 01:13:58,27895659,92187,1,,,,87.0,,,,
2022-12-26 19:16:02,27912265,92751,59,59.0,15.0,3.0,81.0,,,,
2022-12-26 22:38:43,28237462,92798,15,12.0,9.0,2.0,169.0,,,,
2022-12-26 23:04:09,28362927,92892,10,10.0,1.0,,2.0,,,,
2022-12-26 00:57:17,28397381,92140,1,1.0,,,,,,,
2022-12-26 15:41:55,28498604,92563,2,2.0,,,1.0,,,,
2022-12-26 07:52:30,28556288,92281,10,2.0,1.0,,145.0,,,,
2022-12-26 01:23:10,28603990,92234,11,11.0,,,,,,,
2022-12-26 12:35:56,28609970,92469,23,12.0,6.0,2.0,173.0,,,,
2022-12-26 00:26:54,28634281,92093,29,22.0,13.0,3.0,172.0,,,,
2022-12-26 10:00:29,28634787,92328,283,265.0,38.0,5.0,199.0,,,,
2022-12-26 12:20:27,28766853,92422,24,13.0,32.0,4.0,214.0,,,,
2022-12-20 23:50:27,10705206,85607,26,25.0,12.0,3.0,172.0,,,,
2022-12-20 21:30:30,14539076,85278,11,7.0,12.0,3.0,167.0,,,,
2022-12-20 07:03:10,16583569,84714,3,1.0,,,86.0,,,,
2022-12-20 05:31:24,17670457,84667,111,89.0,103.0,8.0,278.0,,,,
2022-12-20 23:48:58,22366367,85560,1,1.0,,,8.0,,,,
2022-12-20 03:31:30,23345431,84573,74,65.0,14.0,3.0,171.0,,,,
2022-12-20 07:30:42,25649157,84761,10,3.0,1.0,,167.0,,,,
2022-12-20 23:31:14,26336259,85513,43,38.0,11.0,3.0,173.0,,,,
2022-12-20 19:00:17,26350013,84949,9,4.0,2.0,,173.0,,,,
2022-12-20 02:57:48,26620378,84526,57,52.0,16.0,3.0,166.0,,,,
2022-12-20 19:31:33,26741496,85137,19,9.0,7.0,2.0,172.0,,,,
2022-12-20 04:56:00,26880324,84620,1,1.0,,,1.0,,,,
2022-12-20 01:37:03,27082057,84479,37,37.0,4.0,2.0,45.0,,,,
2022-12-20 22:22:04,27084794,85325,96,90.0,16.0,3.0,211.0,,,,
2022-12-20 09:08:24,27214606,84855,11,4.0,1.0,,165.0,,,,
2022-12-20 18:29:14,27241884,84902,30,22.0,10.0,3.0,172.0,,,,
2022-12-20 19:05:16,27308607,85043,27,21.0,10.0,3.0,169.0,1.0,,,
2022-12-20 20:03:38,27320475,85184,37,37.0,6.0,2.0,66.0,,,,
2022-12-20 22:23:32,27439891,85372,2,2.0,,,1.0,,,,
2022-12-20 22:40:57,27594083,85419,7,7.0,2.0,,6.0,,,,
2022-12-20 23:21:34,27595624,85466,80,75.0,26.0,4.0,172.0,,,,
2022-12-20 19:10:30,27687762,85090,4,,,,87.0,,,,
2022-12-20 19:02:45,27745009,84996,7,5.0,,,87.0,,,,
2022-12-20 07:46:33,27754853,84808,77,66.0,24.0,4.0,222.0,,,,
2022-12-20 21:25:36,27765801,85231,1,1.0,,,,,,,
2022-11-28 17:20:45,16573242,64269,1,1.0,,,,,,,
2022-11-28 19:01:17,20488854,64410,42,33.0,13.0,3.0,169.0,2.0,15.5,454.0,2.0
2022-11-28 18:36:18,20893516,64363,57,55.0,24.0,4.0,169.0,2.0,13.0,495.0,1.0
2022-11-28 01:18:40,21145872,63752,32,31.0,14.0,3.0,171.0,,,,
2022-11-28 01:13:12,22823124,63705,10,7.0,,,86.0,,,,
2022-11-28 03:08:05,22856152,63893,28,22.0,17.0,3.0,170.0,,,,
2022-11-28 14:21:55,23732314,64222,26,15.0,6.0,2.0,171.0,,,,
2022-11-28 05:09:24,23769505,63987,4,1.0,,,86.0,,,,
2022-11-28 18:06:39,23820151,64316,12,4.0,,,85.0,,,,
2022-11-28 04:41:50,23835630,63940,12,12.0,,,,,,,
2022-11-28 13:36:28,24068551,64175,13,6.0,1.0,,171.0,,,,
2022-11-28 12:49:22,24117863,64128,28,19.0,7.0,2.0,170.0,,,,
2022-11-28 01:35:03,24239648,63799,127,107.0,57.0,6.0,245.0,1.0,15.0,486.0,1.0
2022-11-28 02:44:53,24273297,63846,28,16.0,10.0,2.0,170.0,,,,
2022-11-28 20:19:35,24283325,64457,25,19.0,10.0,3.0,169.0,1.0,10.0,477.0,1.0
2022-11-28 07:45:44,24319205,64081,43,33.0,14.0,3.0,170.0,,,,
2022-11-28 06:30:35,24442025,64034,30,30.0,1.0,,1.0,,,,
2022-11-06 23:45:28,21288357,53036,137,121.0,42.0,5.0,204.0,,,,
2022-12-03 22:40:19,24805609,70661,1,1.0,,,10.0,,,,
2022-11-12 17:45:48,16927833,55292,12,11.0,13.0,3.0,161.0,,,,
2022-11-12 00:01:09,18005544,54869,32,31.0,11.0,3.0,169.0,,,,
2022-11-12 19:54:42,20512429,55386,22,22.0,9.0,2.0,15.0,,,,
2022-11-12 19:35:33,20573402,55339,26,15.0,4.0,2.0,162.0,,,,
2022-11-12 08:43:38,21516563,55104,3,2.0,,,85.0,,,,
2022-11-12 08:35:08,21594142,55057,21,17.0,11.0,3.0,166.0,,,,
2022-11-12 15:37:52,21650377,55198,61,55.0,15.0,3.0,172.0,,,,
2022-11-12 04:22:57,21815931,54963,102,92.0,20.0,4.0,216.0,,,,
2022-11-12 03:49:42,21898547,54916,1,1.0,1.0,,8.0,,,,
2022-11-12 11:02:43,22005658,55151,36,36.0,17.0,3.0,32.0,,,,
2022-11-12 06:04:27,22019343,55010,2,2.0,,,,,,,
2022-11-12 16:56:29,22058374,55245,44,32.0,19.0,3.0,170.0,,,,
2022-11-17 18:31:20,15672355,57313,17,7.0,19.0,3.0,168.0,,,,
2022-11-17 11:02:26,19053171,57125,2,2.0,2.0,,26.0,,,,
2022-11-17 16:01:35,21001248,57266,89,76.0,47.0,5.0,222.0,,,,
2022-11-17 15:33:59,22040411,57219,27,18.0,6.0,2.0,170.0,,,,
2022-11-17 09:49:39,22074152,57078,1,1.0,,,,,,,
2022-11-17 01:23:20,22194304,56937,11,1.0,1.0,,167.0,,,,
2022-11-17 07:53:51,22313858,56984,2,1.0,,,85.0,,,,
2022-11-17 09:03:57,22403489,57031,89,69.0,76.0,6.0,230.0,,,,
2022-11-17 11:50:14,22471592,57172,28,25.0,12.0,3.0,167.0,,,,
2022-11-02 18:52:28,19534055,51156,27,18.0,21.0,3.0,202.0,,,,
2022-12-14 23:37:36,26932189,80625,3,3.0,,,3.0,,,,
2022-12-09 10:00:25,12457415,75455,28,28.0,11.0,3.0,91.0,,,,
2022-12-09 23:08:17,15909071,76254,13,5.0,,,86.0,,,,
2022-12-09 23:24:07,16145649,76301,18,6.0,3.0,2.0,151.0,,,,
2022-12-09 19:56:32,21802315,76066,16,16.0,,,,,,,
2022-12-09 15:33:43,21821267,75690,1,1.0,,,,,,,
2022-12-09 01:11:53,22198812,75126,1,,,,85.0,,,,
2022-12-09 06:04:03,22504942,75361,1,,,,85.0,,,,
2022-12-09 20:10:33,23344879,76160,20,11.0,1.0,,171.0,,,,
2022-12-09 17:42:12,23701977,75878,57,48.0,30.0,4.0,180.0,2.0,11.0,470.0,1.0
2022-12-09 00:18:15,24166899,75079,90,81.0,19.0,4.0,206.0,,,,
2022-12-09 09:10:35,24495615,75408,52,46.0,17.0,3.0,169.0,,,,
2022-12-09 03:26:39,24919712,75314,81,77.0,23.0,4.0,169.0,,,,
2022-12-09 12:30:33,24973026,75596,4,2.0,,,86.0,,,,
2022-12-09 02:22:03,25018359,75173,15,8.0,3.0,2.0,168.0,,,,
2022-12-09 15:07:15,25077653,75643,22,12.0,,,86.0,,,,
2022-12-09 16:56:55,25302685,75831,15,9.0,6.0,2.0,169.0,,,,
2022-12-09 11:49:27,25344085,75549,1,1.0,1.0,,22.0,,,,
2022-12-09 18:01:27,25615508,75972,52,51.0,12.0,3.0,171.0,,,,
2022-12-09 02:48:59,25710038,75267,26,26.0,11.0,3.0,112.0,,,,
2022-12-09 10:14:58,25723033,75502,11,11.0,,,,,,,
2022-12-09 22:42:53,25815562,76207,58,53.0,26.0,4.0,171.0,,,,
2022-12-09 20:06:24,25850752,76113,1,1.0,,,9.0,,,,
2022-12-09 02:32:33,25951883,75220,5,,,,85.0,,,,
2022-12-09 17:48:30,26097243,75925,1,1.0,,,1.0,,,,
2022-12-09 16:19:41,26102234,75784,13,12.0,8.0,2.0,171.0,,,,
2022-12-09 18:17:06,26114723,76019,157,151.0,3.0,2.0,170.0,,,,
2022-12-09 15:41:58,26126844,75737,7,7.0,,,1.0,,,,
2022-12-26 23:48:58,28734998,92939,15,9.0,1.0,,171.0,,,,
2022-11-22 06:39:57,14895484,59099,7,7.0,1.0,,8.0,,,,
2022-11-22 01:54:08,20299426,59005,236,219.0,53.0,6.0,219.0,,,,
2022-11-22 23:59:32,22287845,59193,7,7.0,2.0,,7.0,,,,
2022-11-22 10:03:32,22519892,59146,11,11.0,5.0,2.0,21.0,,,,
2022-11-22 04:21:26,22755964,59052,1,,,,86.0,,,,
2022-11-28 23:20:18,24185782,64504,53,46.0,15.0,3.0,168.0,,,,
2022-12-21 17:29:15,10943992,86500,1,,,,87.0,,,,
2022-12-21 14:52:53,12080606,86218,15,5.0,,,87.0,,,,
2022-12-21 14:57:46,12311365,86265,47,39.0,12.0,3.0,173.0,,,,
2022-12-21 17:24:03,13653254,86453,1,,,,87.0,,,,
2022-12-21 15:43:08,16750664,86359,7,6.0,3.0,,166.0,,,,
2022-12-21 03:20:53,18308270,85748,27,17.0,13.0,3.0,162.0,,,,
2022-12-21 05:15:57,19595534,85842,1,,1.0,,143.0,,,,
2022-12-21 19:44:29,21895166,86735,1,1.0,,,,,,,
2022-12-21 08:34:41,22394910,85936,1,,,,87.0,,,,
2022-12-21 19:31:14,23839655,86688,1,,,,87.0,,,,
2022-12-21 14:30:48,24393403,86077,13,7.0,12.0,3.0,169.0,,,,
2022-12-21 22:05:35,25655758,87064,9,6.0,3.0,2.0,168.0,,,,
2022-12-21 03:35:42,25698998,85795,28,17.0,10.0,2.0,171.0,,,,
2022-12-21 21:37:46,26585878,86876,32,29.0,13.0,3.0,170.0,,,,
2022-12-21 20:35:14,26964665,86782,33,33.0,9.0,2.0,33.0,,,,
2022-12-21 22:02:04,27028030,87017,3,,,,87.0,,,,
2022-12-21 21:46:17,27140799,86970,43,40.0,16.0,3.0,210.0,,,,
2022-12-21 14:50:05,27463489,86171,27,27.0,23.0,3.0,157.0,,,,
2022-12-21 23:03:33,27488950,87205,5,3.0,10.0,2.0,171.0,,,,
2022-12-21 21:42:51,27507948,86923,14,6.0,3.0,2.0,167.0,,,,
2022-12-21 03:13:26,27627525,85701,43,37.0,11.0,3.0,173.0,,,,
2022-12-21 14:44:56,27657172,86124,24,24.0,7.0,2.0,24.0,,,,
2022-12-21 14:18:02,27663336,86030,21,14.0,11.0,3.0,172.0,,,,
2022-12-21 13:26:01,27681851,85983,57,53.0,22.0,4.0,210.0,5.0,12.6,536.4,5.0
2022-12-21 15:08:03,27714511,86312,72,53.0,74.0,7.0,249.0,2.0,31.0,417.0,1.0
2022-12-21 22:25:23,27758349,87111,55,52.0,28.0,4.0,173.0,,,,
2022-12-21 00:04:38,27766238,85654,15,9.0,1.0,,173.0,,,,
2022-12-21 16:47:12,27822174,86406,34,32.0,16.0,3.0,173.0,,,,
2022-12-21 22:28:28,27855294,87158,15,11.0,1.0,,171.0,,,,
2022-12-21 05:32:04,27907918,85889,83,70.0,25.0,4.0,173.0,4.0,29.0,468.0,1.0
2022-12-21 21:16:19,27965556,86829,1,,,,87.0,,,,
2022-12-21 18:06:07,27997227,86547,10,2.0,1.0,,173.0,,,,
2022-12-21 18:41:30,28014937,86594,1,1.0,,,4.0,,,,
2022-12-21 19:14:24,28026069,86641,9,3.0,2.0,,173.0,,,,
2022-11-07 13:14:19,20005003,53177,52,44.0,27.0,4.0,171.0,,,,
2022-11-07 16:29:45,20812510,53224,58,51.0,16.0,3.0,171.0,1.0,,,
2022-11-07 12:55:22,20914262,53130,113,110.0,31.0,4.0,205.0,3.0,26.0,419.0,1.0
2022-11-07 19:51:29,21289369,53271,39,30.0,7.0,2.0,170.0,,,,
2022-11-07 07:47:16,21383899,53083,1,1.0,,,,,,,
2022-12-04 19:21:58,10631353,71272,119,108.0,34.0,5.0,223.0,1.0,9.0,519.0,1.0
2022-12-04 13:46:08,10916300,71084,64,55.0,25.0,4.0,205.0,,,,
2022-12-04 17:54:45,12457415,71178,1,1.0,,,1.0,,,,
2022-12-04 11:25:29,21075216,70990,41,31.0,14.0,3.0,169.0,,,,
2022-12-04 22:16:57,22558739,71366,42,38.0,12.0,3.0,169.0,,,,
2022-12-04 22:50:45,23794276,71460,163,154.0,19.0,3.0,169.0,,,,
2022-12-04 00:50:35,23855548,70802,3,,,,85.0,,,,
2022-12-04 06:44:52,24232449,70849,47,40.0,11.0,3.0,168.0,,,,
2022-12-04 11:47:47,24333695,71037,7,1.0,,,86.0,,,,
2022-12-04 22:28:33,24496006,71413,20,12.0,6.0,2.0,169.0,,,,
2022-12-04 10:15:54,24623840,70943,60,53.0,15.0,3.0,171.0,,,,
2022-12-04 00:14:40,24638146,70708,16,16.0,6.0,2.0,24.0,,,,
2022-12-04 14:38:52,24843421,71131,147,134.0,33.0,4.0,175.0,,,,
2022-12-04 10:03:33,24864696,70896,26,26.0,6.0,2.0,14.0,,,,
2022-12-04 18:47:59,24943356,71225,4,1.0,,,86.0,,,,
2022-12-04 20:42:59,24963619,71319,60,54.0,20.0,4.0,228.0,,,,
2022-12-04 00:27:10,25185454,70755,13,13.0,1.0,,31.0,,,,
2022-12-04 23:45:01,25242655,71507,73,67.0,23.0,4.0,167.0,,,,
2022-12-15 23:01:49,16643208,81236,7,5.0,,,86.0,,,,
2022-12-15 14:00:55,20654776,80907,1,,,,86.0,,,,
2022-12-15 23:11:25,22905993,81283,93,72.0,98.0,8.0,267.0,,,,
2022-12-15 18:32:49,24146567,81048,61,59.0,19.0,3.0,171.0,,,,
2022-12-15 00:47:54,24331533,80719,58,52.0,9.0,2.0,170.0,,,,
2022-12-15 21:58:41,24417001,81142,1,1.0,,,8.0,,,,
2022-12-15 06:54:07,25771517,80813,10,3.0,,,85.0,,,,
2022-12-15 17:43:38,26099819,81001,36,35.0,12.0,3.0,169.0,,,,
2022-12-15 22:04:58,26318342,81189,28,25.0,13.0,3.0,171.0,1.0,,,
2022-12-15 00:12:50,26665964,80672,50,40.0,6.0,2.0,170.0,,,,
2022-12-15 02:29:13,26697658,80766,19,11.0,9.0,2.0,170.0,,,,
2022-12-15 12:48:42,26767808,80860,98,96.0,20.0,4.0,218.0,4.0,7.5,516.0,2.0
2022-12-15 14:43:33,26933201,80954,11,1.0,1.0,,169.0,,,,
2022-12-15 21:38:13,27096340,81095,16,13.0,3.0,2.0,171.0,,,,
2022-12-10 18:34:51,16131803,76771,52,49.0,22.0,4.0,168.0,,,,
2022-12-10 07:23:08,21182902,76583,1,,,,85.0,,,,
2022-12-10 01:51:08,21196127,76395,7,2.0,9.0,2.0,169.0,,,,
2022-12-10 00:10:34,23334759,76348,7,4.0,,,86.0,,,,
2022-12-10 20:48:09,24352716,76912,46,35.0,25.0,4.0,169.0,2.0,32.0,410.0,1.0
2022-12-10 12:41:59,24883142,76630,9,3.0,,,86.0,,,,
2022-12-10 03:51:08,25010125,76489,10,10.0,,,9.0,,,,
2022-12-10 16:06:58,25544369,76677,7,4.0,,,86.0,,,,
2022-12-10 03:11:43,25967868,76442,62,60.0,17.0,3.0,169.0,,,,
2022-12-10 20:17:27,26096507,76865,53,47.0,20.0,3.0,220.0,,,,
2022-12-10 18:11:11,26107616,76724,12,5.0,,,86.0,,,,
2022-12-10 04:58:20,26134572,76536,38,27.0,9.0,2.0,169.0,,,,
2022-12-10 20:02:48,26241522,76818,2,2.0,,,2.0,,,,
2022-12-10 22:16:51,26311074,77006,31,25.0,7.0,2.0,171.0,,,,
2022-12-10 21:59:56,26317008,76959,3,3.0,,,2.0,,,,
2022-11-17 20:32:04,20908995,57360,5,3.0,2.0,,169.0,,,,
2022-11-02 15:33:35,17478177,51015,9,3.0,9.0,2.0,166.0,,,,
2022-11-02 13:57:06,18826828,50968,102,86.0,36.0,5.0,217.0,,,,
2022-11-02 16:08:06,20141163,51109,21,19.0,11.0,3.0,171.0,,,,
2022-11-02 16:07:25,20234014,51062,20,15.0,5.0,2.0,169.0,,,,
2022-11-02 05:32:45,20267640,50827,32,32.0,15.0,3.0,27.0,,,,
2022-11-02 06:31:07,20385469,50874,37,26.0,12.0,3.0,172.0,,,,
2022-11-02 00:41:38,20471466,50780,43,34.0,13.0,3.0,170.0,2.0,5.0,494.5,2.0
2022-11-02 11:19:08,20964977,50921,52,40.0,16.0,3.0,171.0,,,,
2022-12-28 00:04:19,12575957,94114,30,24.0,10.0,2.0,173.0,,,,
2022-12-28 13:14:10,17118687,94866,32,19.0,18.0,3.0,158.0,,,,
2022-12-28 17:44:48,17420654,95195,1,1.0,,,,,,,
2022-12-28 02:26:57,19506593,94302,1,1.0,1.0,,10.0,,,,
2022-12-28 11:36:04,21706888,94772,7,6.0,,,87.0,,,,
2022-12-28 19:26:33,22433481,95289,1,1.0,,,,,,,
2022-12-28 22:36:51,22433481,95430,1,1.0,,,,,,,
2022-12-28 13:54:58,24740312,94913,2,,,,87.0,,,,
2022-12-28 23:42:58,26430007,95618,29,21.0,9.0,2.0,170.0,,,,
2022-12-28 22:20:34,27227808,95383,1,,,,86.0,,,,
2022-12-28 22:53:25,27534306,95477,52,43.0,26.0,4.0,171.0,,,,
2022-12-28 00:11:46,27625478,94161,1,,,,87.0,,,,
2022-12-28 08:51:22,27667131,94584,1,1.0,,,,,,,
2022-12-28 10:27:48,28207723,94631,45,41.0,10.0,2.0,173.0,,,,
2022-12-28 21:45:10,28290408,95336,55,47.0,13.0,3.0,171.0,,,,
2022-12-28 04:45:06,28394276,94349,1,,,,87.0,,,,
2022-12-28 14:50:57,28453892,95007,5,,3.0,,169.0,,,,
2022-12-28 13:02:18,28490876,94819,16,7.0,7.0,2.0,172.0,,,,
2022-12-28 17:16:21,28498604,95148,1,1.0,,,1.0,,,,
2022-12-28 01:58:31,28604289,94255,1,,,,87.0,,,,
2022-12-28 22:59:12,28691413,95524,58,50.0,15.0,3.0,170.0,,,,
2022-12-28 14:06:18,28713539,94960,36,26.0,17.0,3.0,235.0,,,,
2022-12-28 18:41:38,28717334,95242,24,17.0,11.0,3.0,171.0,,,,
2022-12-28 23:01:41,28726442,95571,39,28.0,9.0,2.0,171.0,,,,
2022-12-28 14:59:32,28794085,95054,44,41.0,17.0,3.0,173.0,,,,
2022-12-28 11:21:14,28806137,94725,1,,,,87.0,,,,
2022-12-28 08:23:10,28872262,94537,1,,,,87.0,,,,
2022-12-28 00:46:15,28931073,94208,171,169.0,37.0,4.0,216.0,5.0,16.25,497.75,4.0
2022-12-28 05:54:13,29019554,94443,23,19.0,2.0,,173.0,,,,
2022-12-28 05:02:54,29031261,94396,2,1.0,,,87.0,,,,
2022-12-28 10:33:44,29039380,94678,14,4.0,,,87.0,,,,
2022-12-28 07:32:31,29049132,94490,2,1.0,,,87.0,,,,
2022-12-28 15:23:22,29090532,95101,9,4.0,1.0,,167.0,,,,
2022-12-27 15:25:59,10676088,93644,3,2.0,,,87.0,,,,
2022-12-27 03:44:12,16264283,93127,2,1.0,,,87.0,,,,
2022-12-27 05:03:50,18772893,93174,19,11.0,7.0,2.0,170.0,,,,
2022-12-27 12:11:00,21498117,93456,1,1.0,,,29.0,,,,
2022-12-27 02:13:45,22353809,92986,38,34.0,3.0,,160.0,,,,
2022-12-27 07:39:58,26024494,93362,37,36.0,21.0,3.0,213.0,,,,
2022-12-27 16:47:03,26413102,93785,57,36.0,83.0,7.0,268.0,,,,
2022-12-27 08:46:56,26885844,93409,13,8.0,3.0,2.0,173.0,,,,
2022-12-27 05:45:16,27278155,93221,10,10.0,1.0,,2.0,,,,
2022-12-27 02:17:01,27451161,93033,30,18.0,4.0,2.0,173.0,,,,
2022-12-27 17:48:28,27607262,93832,38,24.0,17.0,3.0,172.0,,,,
2022-12-27 21:56:55,27951342,93973,16,9.0,9.0,2.0,173.0,,,,
2022-12-27 07:39:29,28366400,93315,3,1.0,3.0,,167.0,,,,
2022-12-27 21:20:45,28426982,93926,17,10.0,3.0,,173.0,,,,
2022-12-27 13:12:37,28455157,93503,10,5.0,5.0,2.0,171.0,,,,
2022-12-27 23:01:08,28539406,94020,49,45.0,17.0,3.0,170.0,,,,
2022-12-27 06:13:12,28548399,93268,9,2.0,,,87.0,,,,
2022-12-27 03:39:23,28690654,93080,55,47.0,4.0,2.0,171.0,,,,
2022-12-27 15:45:43,28843213,93691,24,15.0,10.0,2.0,173.0,1.0,,,
2022-12-27 23:21:00,28869065,94067,61,57.0,19.0,3.0,173.0,,,,
2022-12-27 20:38:05,28878518,93879,1,1.0,1.0,,89.0,,,,
2022-12-27 14:29:12,28888845,93597,59,46.0,21.0,3.0,173.0,,,,
2022-12-27 16:38:21,28895492,93738,1,1.0,,,,,,,
2022-12-27 14:20:35,28924035,93550,1,,,,87.0,,,,
2022-11-13 19:29:50,22244329,55715,3,3.0,1.0,,4.0,,,,
2022-11-23 15:23:27,12975973,59428,3,3.0,,,,,,,
2022-11-23 10:46:09,15508641,59287,6,6.0,1.0,,9.0,,,,
2022-11-23 14:39:50,18248562,59381,35,35.0,11.0,3.0,31.0,,,,
2022-11-23 08:37:08,19288967,59240,3,3.0,,,2.0,,,,
2022-11-23 14:02:27,20131250,59334,30,23.0,7.0,2.0,169.0,,,,
2022-11-23 19:25:41,21432590,59475,46,44.0,32.0,4.0,230.0,,,,
2022-11-23 23:58:25,21557319,59616,1,,,,86.0,,,,
2022-11-23 20:26:27,21936221,59569,15,15.0,7.0,2.0,18.0,,,,
2022-11-23 19:32:58,23373491,59522,65,55.0,14.0,3.0,167.0,,,,
2022-12-21 23:39:10,28066871,87252,67,62.0,11.0,3.0,168.0,,,,
2022-12-05 01:56:09,21200865,71554,59,54.0,14.0,3.0,166.0,,,,
2022-12-05 21:45:56,21798520,71930,31,27.0,23.0,3.0,169.0,1.0,,,
2022-12-05 23:08:29,22271768,72024,27,27.0,5.0,2.0,11.0,,,,
2022-12-05 10:07:16,22560349,71648,56,56.0,19.0,3.0,71.0,,,,
2022-12-05 21:40:14,22634708,71836,108,86.0,85.0,7.0,254.0,,,,
2022-12-05 21:40:18,24199858,71883,26,18.0,12.0,3.0,171.0,,,,
2022-12-05 13:00:17,24294089,71742,34,27.0,8.0,2.0,171.0,,,,
2022-12-05 12:26:24,24476180,71695,1,,,,86.0,,,,
2022-12-05 02:44:28,24635938,71601,60,48.0,27.0,4.0,170.0,1.0,,,
2022-12-05 22:27:14,25535744,71977,37,32.0,15.0,3.0,169.0,,,,
2022-12-05 13:38:48,25541379,71789,70,65.0,18.0,3.0,171.0,1.0,10.0,485.0,1.0
2022-12-16 01:06:49,11901436,81330,9,4.0,7.0,2.0,166.0,,,,
2022-12-16 09:55:27,16013583,81518,1,,1.0,,158.0,,,,
2022-12-16 09:44:59,17446483,81471,1,1.0,,,,,,,
2022-12-16 14:00:02,21989006,81612,26,20.0,19.0,3.0,169.0,,,,
2022-12-16 05:05:29,23924433,81424,69,62.0,16.0,3.0,171.0,,,,
2022-12-16 04:22:14,24582624,81377,3,2.0,,,86.0,,,,
2022-12-16 21:02:13,25388314,81800,33,30.0,20.0,3.0,171.0,,,,
2022-12-16 20:44:40,26197178,81753,4,2.0,1.0,,136.0,,,,
2022-12-16 12:58:17,26659110,81565,74,74.0,26.0,4.0,135.0,,,,
2022-12-16 16:06:14,26986124,81659,22,11.0,11.0,3.0,167.0,,,,
2022-12-16 19:32:07,27088796,81706,14,14.0,,,1.0,,,,
2022-11-08 22:38:45,21557181,53882,17,17.0,,,,,,,
2022-11-29 16:42:52,14900820,65397,73,59.0,28.0,4.0,180.0,,,,
2022-11-29 04:28:17,15521245,64833,10,6.0,1.0,,168.0,,,,
2022-11-29 17:18:13,15659107,65491,78,78.0,17.0,3.0,36.0,1.0,,,
2022-11-29 02:18:23,16573242,64692,57,49.0,19.0,4.0,215.0,,,,
2022-11-29 18:31:49,16931697,65679,3,1.0,,,85.0,,,,
2022-11-29 02:02:50,17600215,64645,5,5.0,,,1.0,,,,
2022-11-29 19:58:45,19300007,65867,1,,1.0,,162.0,,,,
2022-11-29 09:07:26,19345409,65209,69,63.0,11.0,3.0,169.0,,,,
2022-11-29 23:04:19,21745620,66290,1,,,,85.0,,,,
2022-11-29 19:50:06,21886610,65820,29,23.0,6.0,2.0,169.0,,,,
2022-11-29 22:46:27,21905930,66196,169,152.0,46.0,6.0,218.0,1.0,19.0,431.0,1.0
2022-11-29 05:01:54,21954851,64927,2,2.0,,,25.0,,,,
2022-11-29 19:33:56,22251758,65726,7,7.0,4.0,,16.0,,,,
2022-11-29 05:28:54,22811624,65021,1,,,,86.0,,,,
2022-11-29 20:04:03,22827218,65914,28,20.0,8.0,2.0,169.0,,,,
2022-11-29 00:02:27,23289472,64551,2,2.0,,,1.0,,,,
2022-11-29 05:18:19,23671686,64974,109,107.0,34.0,5.0,218.0,,,,
2022-11-29 18:31:10,23780821,65632,113,100.0,28.0,4.0,168.0,,,,
2022-11-29 04:05:23,23859504,64786,15,12.0,9.0,2.0,168.0,,,,
2022-11-29 03:17:02,23896764,64739,72,70.0,8.0,2.0,166.0,,,,
2022-11-29 22:35:54,23898581,66149,1,,,,85.0,,,,
2022-11-29 23:06:13,24200778,66337,85,67.0,33.0,5.0,211.0,2.0,18.0,518.0,2.0
2022-11-29 14:17:49,24238406,65303,1,,,,86.0,,,,
2022-11-29 17:30:51,24264465,65538,5,,8.0,2.0,169.0,,,,
2022-11-29 08:20:17,24300368,65115,32,20.0,7.0,2.0,160.0,,,,
2022-11-29 08:51:13,24327255,65162,161,145.0,28.0,4.0,222.0,,,,
2022-11-29 05:00:37,24329371,64880,1,,,,86.0,,,,
2022-11-29 20:47:21,24378545,65961,19,14.0,1.0,,169.0,,,,
2022-11-29 14:34:19,24380408,65350,1,1.0,,,7.0,,,,
2022-11-29 07:34:32,24397037,65068,18,11.0,,,86.0,,,,
2022-11-29 17:46:59,24402212,65585,35,29.0,13.0,3.0,168.0,,,,
2022-11-29 14:02:34,24567214,65256,3,,,,86.0,,,,
2022-11-29 20:49:54,24572182,66008,35,29.0,7.0,2.0,158.0,,,,
2022-11-29 00:51:42,24580692,64598,18,8.0,1.0,,171.0,,,,
2022-11-29 16:46:26,24643896,65444,25,19.0,9.0,2.0,171.0,,,,
2022-11-29 21:11:47,24646311,66102,35,34.0,10.0,2.0,167.0,,,,
2022-11-29 19:38:09,24654407,65773,1,1.0,,,,,,,
2022-11-29 20:56:45,24670806,66055,38,30.0,5.0,2.0,169.0,,,,
2022-11-29 22:51:18,24726443,66243,62,62.0,31.0,4.0,98.0,,,,
2022-11-18 00:14:34,21442526,57407,5,,,,86.0,,,,
2022-11-18 21:29:30,22570630,57501,48,48.0,6.0,2.0,9.0,,,,
2022-11-18 03:48:32,22583142,57454,1,1.0,,,1.0,,,,
2022-11-03 14:01:38,19254812,51391,110,109.0,16.0,3.0,207.0,,,,
2022-11-03 14:02:23,19916959,51438,92,91.0,15.0,3.0,131.0,,,,
2022-11-03 08:39:35,20078534,51297,19,7.0,8.0,2.0,171.0,,,,
2022-11-03 19:13:24,20356673,51579,33,24.0,21.0,3.0,165.0,,,,
2022-11-03 17:52:31,20362676,51532,21,11.0,9.0,2.0,170.0,,,,
2022-11-03 13:14:54,20405249,51344,9,5.0,5.0,2.0,169.0,,,,
2022-11-03 02:36:09,20556129,51203,2,,,,86.0,,,,
2022-11-03 21:59:17,20589663,51720,103,84.0,39.0,5.0,213.0,,,,
2022-11-03 17:04:48,20677730,51485,20,13.0,3.0,,169.0,,,,
2022-11-03 03:13:32,20928223,51250,48,36.0,14.0,3.0,168.0,,,,
2022-11-03 20:34:25,21157556,51673,1,,,,86.0,,,,
2022-11-03 20:05:34,21170896,51626,64,59.0,25.0,4.0,171.0,,,,
2022-12-22 23:54:21,28062294,88474,39,29.0,13.0,3.0,172.0,,,,
2022-11-13 12:01:19,14789523,55574,3,1.0,,,86.0,,,,
2022-11-13 18:21:27,16865319,55668,21,14.0,6.0,2.0,170.0,,,,
2022-11-13 08:44:38,17532595,55527,19,11.0,2.0,,163.0,,,,
2022-11-13 03:25:58,21745781,55480,5,1.0,8.0,2.0,159.0,,,,
2022-11-13 14:00:51,22147775,55621,1,1.0,,,,,,,
2022-12-10 23:25:49,25401999,77053,57,47.0,9.0,2.0,170.0,,,,
2022-12-22 11:45:19,10978400,88098,58,41.0,25.0,4.0,202.0,,,,
2022-12-22 05:19:44,17673056,87534,96,83.0,38.0,4.0,177.0,1.0,,,
2022-12-22 06:01:21,19811872,87628,1,,,,87.0,,,,
2022-12-22 00:17:03,21140835,87346,51,50.0,14.0,3.0,174.0,5.0,9.333333333333334,586.0,3.0
2022-12-22 06:41:09,25473943,87722,59,52.0,15.0,3.0,173.0,5.0,16.25,472.25,4.0
2022-12-22 21:07:37,25491193,88333,68,50.0,42.0,5.0,215.0,,,,
2022-12-22 11:30:44,25886218,88051,2,1.0,,,87.0,,,,
2022-12-22 09:31:54,26410825,87863,1,,,,87.0,,,,
2022-12-22 05:37:06,26827516,87581,5,1.0,1.0,,158.0,,,,
2022-12-22 10:03:59,26967563,87910,10,9.0,,,87.0,,,,
2022-12-22 05:06:08,27147791,87487,1,,2.0,,167.0,,,,
2022-12-22 18:13:23,27222426,88192,87,80.0,20.0,3.0,189.0,,,,
2022-12-22 21:46:22,27544518,88427,75,66.0,17.0,3.0,173.0,,,,
2022-12-22 21:29:56,27684933,88380,25,25.0,6.0,2.0,98.0,,,,
2022-12-22 06:31:52,27709520,87675,90,74.0,32.0,4.0,215.0,,,,
2022-12-22 07:42:26,27780498,87769,18,7.0,9.0,2.0,173.0,,,,
2022-12-22 20:22:37,27816723,88286,1,1.0,,,,,,,
2022-12-22 11:27:58,27919441,88004,1,,,,87.0,,,,
2022-12-22 01:50:07,27993386,87393,31,23.0,7.0,2.0,173.0,,,,
2022-12-22 00:13:20,28039041,87299,10,5.0,,,87.0,,,,
2022-12-22 19:13:54,28072046,88239,20,18.0,11.0,3.0,164.0,,,,
2022-12-22 10:49:28,28079337,87957,16,8.0,8.0,2.0,173.0,1.0,,,
2022-12-22 09:22:04,28080257,87816,6,2.0,,,87.0,,,,
2022-12-22 04:14:50,28103142,87440,1,1.0,,,,,,,
2022-12-22 17:35:58,28175270,88145,61,49.0,15.0,3.0,171.0,,,,
2022-12-23 14:28:29,16751929,89085,23,12.0,13.0,3.0,163.0,,,,
2022-12-23 22:02:23,18766154,89555,1,,1.0,,163.0,,,,
2022-12-23 11:40:29,19672768,88897,9,4.0,23.0,4.0,196.0,,,,
2022-12-23 16:16:22,20921668,89226,29,29.0,9.0,2.0,23.0,,,,
2022-12-23 02:32:16,22567548,88568,31,30.0,6.0,2.0,173.0,,,,
2022-12-23 01:53:22,22647220,88521,47,33.0,28.0,4.0,230.0,1.0,7.0,501.0,1.0
2022-12-23 23:45:55,23374779,89696,2,2.0,,,,,,,
2022-12-23 09:53:44,24893216,88709,1,1.0,,,3.0,,,,
2022-12-23 20:26:32,25480337,89414,13,8.0,5.0,2.0,171.0,,,,
2022-12-23 16:57:50,26665918,89320,64,62.0,15.0,3.0,173.0,,,,
2022-12-23 12:27:13,26777882,88944,48,34.0,23.0,4.0,235.0,,,,
2022-12-23 17:45:40,26783908,89367,19,15.0,10.0,2.0,168.0,,,,
2022-12-23 20:52:11,27078147,89508,1,1.0,,,2.0,,,,
2022-12-23 15:48:22,27080033,89179,1,1.0,,,,,,,
2022-12-23 22:47:03,27090245,89602,1,,1.0,,166.0,,,,
2022-12-23 12:53:29,27182544,88991,21,14.0,1.0,,165.0,,,,
2022-12-23 05:18:52,27420249,88615,1,1.0,,,3.0,,,,
2022-12-23 09:57:45,27575568,88756,14,8.0,7.0,2.0,171.0,,,,
2022-12-23 20:30:01,27770539,89461,5,,,,87.0,,,,
2022-12-23 13:43:22,27873947,89038,10,10.0,2.0,,11.0,,,,
2022-12-23 15:39:01,27916750,89132,40,38.0,20.0,3.0,173.0,,,,
2022-12-23 07:32:24,28030623,88662,19,12.0,9.0,2.0,171.0,,,,
2022-12-23 10:59:55,28165518,88850,67,56.0,28.0,4.0,182.0,,,,
2022-12-23 10:57:36,28209931,88803,22,21.0,5.0,2.0,170.0,,,,
2022-12-23 16:35:18,28291420,89273,16,10.0,2.0,,173.0,,,,
2022-12-23 23:40:44,28292179,89649,5,1.0,,,87.0,,,,
2022-12-05 23:29:29,25669788,72071,38,32.0,7.0,2.0,169.0,,,,
2022-12-17 03:18:14,16264283,81988,1,1.0,,,9.0,,,,
2022-12-17 19:24:42,19506593,82552,1,1.0,,,,,,,
2022-12-17 08:31:53,22755182,82176,11,4.0,6.0,2.0,168.0,,,,
2022-12-17 17:06:07,25516608,82270,87,74.0,12.0,3.0,170.0,,,,
2022-12-17 02:04:36,25694651,81894,45,38.0,10.0,2.0,161.0,,,,
2022-12-17 18:52:14,25732900,82458,1,,,,86.0,,,,
2022-12-17 17:22:59,25909310,82317,12,4.0,5.0,2.0,171.0,,,,
2022-12-17 23:09:39,26566949,82787,1,,,,86.0,,,,
2022-12-17 06:33:01,26610396,82129,21,13.0,7.0,2.0,171.0,,,,
2022-12-17 02:07:00,26798559,81941,70,67.0,24.0,4.0,168.0,,,,
2022-12-17 18:50:45,26816223,82411,6,3.0,7.0,2.0,163.0,,,,
2022-12-17 20:33:48,26964642,82693,1,1.0,,,,,,,
2022-12-17 00:53:45,26985480,81847,1,,,,86.0,,,,
2022-12-17 04:21:31,27151839,82035,45,44.0,7.0,2.0,171.0,,,,
2022-12-17 15:53:25,27154323,82223,2,2.0,,,1.0,,,,
2022-12-17 17:42:58,27214744,82364,2,2.0,,,,,,,
2022-12-17 19:58:19,27220563,82599,16,4.0,5.0,2.0,169.0,,,,
2022-12-17 19:01:08,27255523,82505,44,44.0,13.0,3.0,131.0,,,,
2022-12-17 04:40:39,27283537,82082,13,4.0,1.0,,166.0,,,,
2022-12-17 20:33:34,27293772,82646,47,34.0,14.0,3.0,170.0,,,,
2022-12-17 21:58:58,27369833,82740,8,8.0,,,,,,,
2022-11-08 16:03:14,15910336,53694,11,11.0,,,,,,,
2022-11-08 16:04:37,19704048,53741,19,19.0,5.0,2.0,14.0,,,,
2022-11-08 15:47:12,20564800,53647,35,24.0,5.0,2.0,171.0,,,,
2022-11-08 04:54:56,20808853,53318,2,2.0,,,68.0,,,,
2022-11-08 05:45:54,20905131,53365,35,35.0,13.0,3.0,31.0,,,,
2022-11-08 20:18:49,21167400,53835,30,20.0,5.0,2.0,162.0,,,,
2022-11-08 12:09:32,21273177,53459,114,113.0,22.0,4.0,207.0,,,,
2022-11-08 11:53:46,21402115,53412,2,,,,86.0,,,,
2022-11-08 17:11:12,21422746,53788,1,1.0,,,68.0,,,,
2022-11-08 12:53:34,21589657,53506,23,16.0,10.0,3.0,171.0,,,,
2022-11-08 13:20:33,21641775,53553,9,2.0,2.0,,163.0,,,,
2022-11-08 15:06:08,21682393,53600,17,13.0,2.0,,170.0,,,,
2022-11-30 12:39:21,16110689,66948,1,1.0,,,,,,,
2022-11-30 21:42:59,16622600,67465,31,24.0,4.0,2.0,168.0,,,,
2022-11-30 09:21:55,18417037,66713,25,23.0,8.0,2.0,170.0,,,,
2022-11-30 23:55:56,19520255,67559,29,26.0,11.0,3.0,169.0,,,,
2022-11-30 12:26:29,19830732,66901,63,52.0,13.0,3.0,171.0,,,,
2022-11-30 07:56:48,21053918,66666,19,13.0,15.0,3.0,170.0,,,,
2022-11-30 12:06:04,21140973,66854,12,6.0,2.0,,170.0,,,,
2022-11-30 00:29:38,21158223,66431,16,10.0,4.0,2.0,167.0,,,,
2022-11-30 16:10:10,21162984,67089,4,3.0,2.0,,170.0,,,,
2022-11-30 10:46:29,21623628,66760,42,29.0,11.0,3.0,167.0,,,,
2022-11-30 01:55:57,22350428,66525,193,190.0,17.0,3.0,186.0,6.0,12.333333333333334,523.3333333333334,3.0
2022-11-30 16:34:27,22433481,67136,61,61.0,18.0,3.0,58.0,2.0,,,
2022-11-30 21:18:24,22784944,67418,82,75.0,35.0,5.0,218.0,,,,
2022-11-30 20:15:57,22920506,67371,1,1.0,,,,,,,
2022-11-30 17:00:08,23704231,67230,2,2.0,,,,,,,
2022-11-30 17:53:34,24034994,67277,12,3.0,1.0,,169.0,,,,
2022-11-30 23:54:08,24036926,67512,52,51.0,7.0,2.0,169.0,1.0,8.0,500.0,1.0
2022-11-30 00:18:46,24051922,66384,11,7.0,4.0,,169.0,,,,
2022-11-30 20:05:06,24137712,67324,96,76.0,56.0,6.0,227.0,1.0,14.0,463.0,1.0
2022-11-30 06:12:05,24283624,66619,48,48.0,11.0,3.0,14.0,,,,
2022-11-30 00:46:30,24366332,66478,49,48.0,16.0,3.0,168.0,1.0,10.0,500.0,1.0
2022-11-30 13:59:10,24477675,67042,58,52.0,20.0,3.0,211.0,,,,
2022-11-30 12:02:31,24491360,66807,47,36.0,24.0,4.0,171.0,,,,
2022-11-30 16:35:24,24507966,67183,56,56.0,20.0,3.0,67.0,,,,
2022-11-30 12:46:15,24667172,66995,49,48.0,13.0,3.0,171.0,,,,
2022-11-30 04:15:02,24699004,66572,124,115.0,24.0,4.0,171.0,,,,
2022-11-24 11:56:26,12545275,60039,1,,,,86.0,,,,
2022-11-24 01:32:34,13401312,59663,39,32.0,14.0,3.0,171.0,,,,
2022-11-24 05:31:29,20676120,59898,9,1.0,5.0,2.0,166.0,,,,
2022-11-24 01:46:03,20810072,59710,158,143.0,39.0,5.0,223.0,,,,
2022-11-24 20:14:27,20959434,60274,112,106.0,25.0,4.0,168.0,1.0,,,
2022-11-24 19:34:03,21175289,60227,46,42.0,18.0,3.0,233.0,,,,
2022-11-24 04:21:19,21461984,59851,1,,,,86.0,,,,
2022-11-24 03:50:52,22175858,59804,30,23.0,9.0,2.0,170.0,1.0,12.0,458.0,1.0
2022-11-24 08:31:38,22293020,59945,5,1.0,8.0,2.0,170.0,,,,
2022-11-24 17:02:43,22467130,60180,70,65.0,17.0,3.0,202.0,,,,
2022-11-24 16:06:24,22549838,60133,49,40.0,22.0,4.0,169.0,,,,
2022-11-24 03:18:59,22854703,59757,66,57.0,14.0,3.0,170.0,1.0,9.0,479.0,1.0
2022-11-24 09:01:35,23361945,59992,135,124.0,25.0,4.0,171.0,,,,
2022-11-24 21:47:18,23756142,60321,17,17.0,,,,,,,
2022-11-24 15:38:17,23759385,60086,63,54.0,15.0,3.0,171.0,1.0,11.0,458.0,1.0
2022-11-14 16:49:24,18981296,56044,83,81.0,30.0,4.0,171.0,,,,
2022-11-14 15:26:21,20400603,55997,18,18.0,1.0,,40.0,,,,
2022-11-14 03:39:57,21132992,55856,22,13.0,16.0,3.0,169.0,,,,
2022-11-14 11:58:17,21143296,55903,73,67.0,20.0,3.0,168.0,,,,
2022-11-14 13:25:45,21151461,55950,19,13.0,5.0,2.0,168.0,,,,
2022-11-14 20:43:34,21443400,56138,2,1.0,,,86.0,,,,
2022-11-14 01:51:08,21949331,55762,46,42.0,10.0,2.0,170.0,,,,
2022-11-14 02:44:06,22263810,55809,92,91.0,37.0,5.0,230.0,,,,
2022-11-14 19:53:05,22290375,56091,1,,,,86.0,,,,
2022-12-11 03:00:45,11236897,77241,86,64.0,80.0,7.0,251.0,,,,
2022-12-11 02:49:14,16912239,77194,1,,,,85.0,,,,
2022-12-11 03:11:06,17768391,77288,19,17.0,7.0,2.0,169.0,,,,
2022-12-11 09:51:37,19799107,77523,28,25.0,12.0,3.0,159.0,,,,
2022-12-11 10:50:03,20113034,77617,29,24.0,11.0,3.0,171.0,,,,
2022-12-11 08:42:30,22399119,77382,1,,6.0,2.0,159.0,,,,
2022-12-11 08:56:29,23692593,77429,9,3.0,,,85.0,,,,
2022-12-11 09:31:48,24631568,77476,17,6.0,2.0,,168.0,,,,
2022-12-11 07:48:47,25452369,77335,1,1.0,,,8.0,,,,
2022-12-11 10:18:20,25695594,77570,43,38.0,21.0,3.0,170.0,1.0,,,
2022-12-11 13:24:34,25977436,77711,14,10.0,3.0,,169.0,,,,
2022-12-11 12:46:55,26310660,77664,47,44.0,15.0,3.0,171.0,,,,
2022-12-11 01:17:01,26323333,77147,120,97.0,79.0,7.0,270.0,,,,
2022-12-11 00:04:05,26325518,77100,53,44.0,26.0,4.0,171.0,,,,
2022-12-11 15:11:55,22156009,77758,1,1.0,,,,,,,
2022-12-06 10:32:02,11687674,72635,3,1.0,,,86.0,,,,
2022-12-06 15:30:42,15910336,72917,117,108.0,60.0,6.0,225.0,,,,
2022-12-06 12:25:11,16213614,72776,1,1.0,,,,,,,
2022-12-06 15:38:11,18690392,72964,33,28.0,14.0,3.0,163.0,,,,
2022-12-06 19:53:59,19859229,73058,14,7.0,6.0,2.0,167.0,,,,
2022-12-06 03:53:30,19983498,72259,40,33.0,19.0,3.0,166.0,,,,
2022-12-06 05:36:58,20019838,72353,11,10.0,19.0,3.0,170.0,,,,
2022-12-06 19:50:47,21310966,73011,87,81.0,28.0,4.0,169.0,,,,
2022-12-06 06:33:59,23343683,72447,44,44.0,23.0,4.0,63.0,1.0,,,
2022-12-06 11:56:11,23679253,72729,21,16.0,4.0,2.0,170.0,,,,
2022-12-06 06:22:33,24230218,72400,5,3.0,,,86.0,,,,
2022-12-06 11:50:50,24468889,72682,13,6.0,2.0,,159.0,,,,
2022-12-06 00:55:20,24751421,72118,6,,,,85.0,,,,
2022-12-06 01:02:57,24832335,72165,37,29.0,21.0,3.0,168.0,,,,
2022-12-06 22:43:09,24901795,73199,18,11.0,3.0,2.0,168.0,,,,
2022-12-06 02:52:25,25256271,72212,5,,,,85.0,,,,
2022-12-06 13:07:30,25269427,72823,1,,,,86.0,,,,
2022-12-06 04:26:30,25294382,72306,23,16.0,,,85.0,,,,
2022-12-06 07:06:02,25297809,72494,16,5.0,3.0,2.0,171.0,,,,
2022-12-06 22:45:13,25345051,73246,2,2.0,,,,,,,
2022-12-06 09:45:17,25470148,72588,41,30.0,11.0,3.0,170.0,1.0,22.0,458.0,1.0
2022-12-06 08:54:28,25501474,72541,44,40.0,20.0,3.0,170.0,1.0,,,
2022-12-06 23:32:36,25642671,73340,39,31.0,20.0,3.0,167.0,,,,
2022-12-06 20:50:13,25707784,73105,13,5.0,3.0,2.0,170.0,,,,
2022-12-06 14:43:23,25736212,72870,62,53.0,18.0,3.0,225.0,,,,
2022-12-06 23:22:12,25756590,73293,9,7.0,1.0,,167.0,,,,
2022-12-06 22:27:21,25757349,73152,17,10.0,7.0,2.0,171.0,,,,
2022-12-17 23:33:58,26961330,82834,8,5.0,11.0,3.0,168.0,,,,
2022-12-01 21:33:07,12457415,68405,1,1.0,,,1.0,,,,
2022-12-01 11:09:56,15119136,67982,2,1.0,,,86.0,,,,
2022-12-01 19:34:47,16120717,68358,1,,,,85.0,,,,
2022-12-01 01:36:58,17345099,67653,18,11.0,6.0,2.0,166.0,,,,
2022-12-01 22:19:44,20098406,68452,57,57.0,11.0,3.0,52.0,,,,
2022-12-01 19:19:28,22572792,68311,125,107.0,35.0,5.0,211.0,,,,
2022-12-01 03:05:54,22935870,67700,14,7.0,,,86.0,,,,
2022-12-01 13:16:49,23304399,68123,12,9.0,8.0,2.0,171.0,1.0,,,
2022-12-01 14:14:08,23966661,68170,14,8.0,,,86.0,,,,
2022-12-01 13:02:49,24123705,68076,1,1.0,1.0,,11.0,,,,
2022-12-01 11:58:55,24154387,68029,47,36.0,5.0,2.0,171.0,,,,
2022-12-01 01:06:06,24207540,67606,31,30.0,7.0,2.0,168.0,,,,
2022-12-01 03:16:51,24423027,67747,29,22.0,12.0,3.0,169.0,,,,
2022-12-01 15:26:31,24536095,68264,1,,,,86.0,,,,
2022-12-01 10:41:48,24596539,67888,38,32.0,8.0,2.0,171.0,,,,
2022-12-01 22:58:39,24631752,68499,12,12.0,,,,,,,
2022-12-01 04:45:09,24739346,67794,7,6.0,,,86.0,,,,
2022-12-01 10:43:07,24823917,67935,5,1.0,,,86.0,,,,
2022-12-01 09:51:34,24916147,67841,19,12.0,1.0,,171.0,,,,
2022-12-01 15:06:08,24920517,68217,24,17.0,5.0,2.0,171.0,,,,
2022-12-01 23:58:52,24936180,68546,36,32.0,13.0,3.0,169.0,,,,
2022-11-19 09:54:15,13246936,57736,5,2.0,,,85.0,,,,
2022-11-19 23:41:41,14499769,57971,15,9.0,15.0,3.0,171.0,,,,
2022-11-19 09:49:35,16379329,57689,1,,,,85.0,,,,
2022-11-19 03:12:47,20928108,57595,91,88.0,25.0,4.0,171.0,,,,
2022-11-19 22:33:05,21990846,57877,1,1.0,,,6.0,,,,
2022-11-19 02:47:23,22066286,57548,11,2.0,,,86.0,,,,
2022-11-19 08:20:01,22318826,57642,44,35.0,15.0,3.0,169.0,,,,
2022-11-19 22:14:42,22640435,57830,29,26.0,6.0,2.0,170.0,,,,
2022-11-19 23:33:59,22655914,57924,230,212.0,37.0,5.0,222.0,1.0,4.0,602.0,1.0
2022-11-19 10:51:08,22740393,57783,15,8.0,2.0,,169.0,,,,
2022-11-25 13:34:54,11783262,60603,1,1.0,,,,,,,
2022-11-25 17:33:06,16676650,60838,2,2.0,,,,,,,
2022-11-25 13:16:55,19579825,60556,42,38.0,15.0,3.0,169.0,,,,
2022-11-25 05:56:39,20328268,60462,23,18.0,11.0,3.0,165.0,,,,
2022-11-25 15:41:11,20874863,60697,5,5.0,1.0,,1.0,,,,
2022-11-25 01:52:32,21995078,60415,30,19.0,9.0,2.0,162.0,1.0,,,
2022-11-25 21:45:43,22039537,61026,30,18.0,8.0,2.0,170.0,,,,
2022-11-25 20:32:02,22590134,60979,46,43.0,23.0,4.0,222.0,,,,
2022-11-25 16:36:53,22632592,60791,36,32.0,10.0,2.0,169.0,,,,
2022-11-25 15:32:19,22937503,60650,25,21.0,9.0,2.0,159.0,,,,
2022-11-25 15:53:02,23281491,60744,1,,,,86.0,,,,
2022-11-25 01:35:31,23298672,60368,43,43.0,6.0,2.0,23.0,,,,
2022-11-25 17:50:20,23331286,60885,30,19.0,6.0,2.0,169.0,,,,
2022-11-25 13:03:31,23724632,60509,56,49.0,28.0,4.0,231.0,,,,
2022-11-25 18:16:31,23817437,60932,98,86.0,23.0,3.0,168.0,1.0,12.0,500.0,1.0
2022-11-25 22:04:01,23875673,61073,74,62.0,16.0,3.0,170.0,,,,
2022-11-14 23:17:23,21086555,56185,3,2.0,,,86.0,,,,
2022-11-04 23:08:06,20343057,52425,31,24.0,11.0,3.0,170.0,,,,
2022-11-25 23:15:24,23866404,61120,103,85.0,46.0,5.0,205.0,,,,
2022-11-09 06:36:19,18517685,53976,141,128.0,15.0,3.0,174.0,,,,
2022-11-09 04:52:45,18815788,53929,12,11.0,7.0,2.0,162.0,,,,
2022-11-09 14:16:57,18897415,54070,19,10.0,8.0,2.0,171.0,,,,
2022-11-09 22:02:29,20440278,54164,16,7.0,1.0,,168.0,,,,
2022-11-09 09:28:49,20785301,54023,4,2.0,2.0,,170.0,,,,
2022-11-09 22:08:06,20970244,54211,101,86.0,28.0,4.0,229.0,,,,
2022-11-09 14:20:45,21628642,54117,2,2.0,,,1.0,,,,
2022-12-07 09:47:06,12457415,73622,1,1.0,,,,,,,
2022-12-07 22:07:04,22290812,73998,95,76.0,70.0,7.0,254.0,,,,
2022-12-07 20:39:15,22632638,73951,64,63.0,40.0,5.0,215.0,1.0,16.0,441.0,1.0
2022-12-07 18:42:25,23991225,73857,80,73.0,39.0,5.0,223.0,,,,
2022-12-07 18:17:50,24276931,73810,17,11.0,4.0,,170.0,,,,
2022-12-07 08:49:58,24462541,73575,1,,,,86.0,,,,
2022-12-07 09:51:06,24666505,73669,82,63.0,75.0,7.0,271.0,,,,
2022-12-07 00:44:06,25238814,73387,1,,,,85.0,,,,
2022-12-07 10:17:02,25317520,73716,98,85.0,36.0,5.0,213.0,,,,
2022-12-07 04:57:18,25523853,73481,64,62.0,14.0,3.0,169.0,,,,
2022-12-07 19:38:48,25654401,73904,27,23.0,8.0,2.0,167.0,,,,
2022-12-07 03:09:56,25702494,73434,9,3.0,1.0,,168.0,,,,
2022-12-07 12:32:11,25761857,73763,57,57.0,14.0,3.0,116.0,2.0,18.0,500.0,1.0
2022-12-07 06:55:19,25793022,73528,61,46.0,32.0,4.0,229.0,2.0,21.0,396.0,1.0
2022-12-07 23:01:16,25907033,74045,3,3.0,,,,,,,
2022-11-26 02:48:04,10733818,61261,6,4.0,,,86.0,,,,
2022-11-26 06:10:57,16676650,61496,24,14.0,6.0,2.0,169.0,,,,
2022-11-26 20:57:55,17880148,62248,35,29.0,16.0,3.0,169.0,,,,
2022-11-26 05:51:33,18040044,61402,77,60.0,29.0,5.0,222.0,,,,
2022-11-26 11:03:44,18900244,61684,1,1.0,,,10.0,,,,
2022-11-26 06:03:58,19024329,61449,109,97.0,35.0,5.0,219.0,,,,
2022-11-26 21:45:25,19584310,62295,1,1.0,,,,,,,
2022-11-26 16:12:17,20389494,61872,55,44.0,51.0,6.0,248.0,,,,
2022-11-26 02:39:50,21614520,61214,3,3.0,,,1.0,,,,
2022-11-26 10:14:06,21628665,61590,72,64.0,23.0,4.0,170.0,,,,
2022-11-26 08:22:00,22497536,61543,76,72.0,28.0,4.0,221.0,,,,
2022-11-26 22:44:35,22590088,62389,42,38.0,4.0,2.0,162.0,,,,
2022-11-26 13:22:35,22864087,61731,16,8.0,5.0,2.0,170.0,,,,
2022-11-26 22:35:53,23821830,62342,56,46.0,43.0,5.0,232.0,1.0,19.0,410.0,1.0
2022-11-26 20:55:00,23823256,62201,75,64.0,21.0,4.0,217.0,,,,
2022-11-26 13:24:06,23861781,61778,96,80.0,31.0,4.0,220.0,1.0,15.0,425.0,1.0
2022-11-26 10:41:00,23872568,61637,102,92.0,21.0,3.0,170.0,,,,
2022-11-26 00:03:50,23891658,61167,8,2.0,2.0,,171.0,,,,
2022-11-26 18:23:09,23910288,62013,37,29.0,13.0,3.0,168.0,,,,
2022-11-26 18:39:34,23926963,62060,87,79.0,16.0,3.0,169.0,,,,
2022-11-26 20:30:55,23927262,62154,57,53.0,20.0,3.0,169.0,,,,
2022-11-26 13:43:13,23930183,61825,91,82.0,20.0,3.0,170.0,,,,
2022-11-26 04:03:34,23970686,61355,53,49.0,31.0,4.0,225.0,1.0,16.0,422.0,1.0
2022-11-26 03:45:56,23981427,61308,1,1.0,,,,,,,
2022-11-26 19:19:35,24011557,62107,15,5.0,4.0,2.0,169.0,,,,
2022-11-26 17:28:17,24019078,61966,13,6.0,,,85.0,,,,
2022-11-26 16:42:30,24078142,61919,7,3.0,,,85.0,,,,
2022-11-20 22:59:35,22462231,58582,42,37.0,13.0,3.0,169.0,,,,
2022-11-20 13:57:37,20611973,58300,20,8.0,7.0,2.0,166.0,,,,
2022-11-20 00:32:16,21388660,58065,31,25.0,14.0,3.0,169.0,,,,
2022-11-20 20:12:58,21486295,58488,7,2.0,15.0,3.0,169.0,,,,
2022-11-20 12:52:52,21847234,58206,78,66.0,24.0,4.0,169.0,,,,
2022-11-20 05:26:24,21954851,58159,22,22.0,5.0,2.0,15.0,,,,
2022-11-20 13:13:47,21989466,58253,3,1.0,,,85.0,,,,
2022-11-20 17:46:51,22112378,58441,2,2.0,,,5.0,,,,
2022-11-20 20:28:24,22265420,58535,63,54.0,16.0,3.0,168.0,,,,
2022-11-20 16:23:30,22405513,58394,30,21.0,6.0,2.0,169.0,,,,
2022-11-20 15:00:25,22489348,58347,35,24.0,9.0,2.0,161.0,,,,
2022-11-20 00:10:46,22601358,58018,51,48.0,19.0,3.0,170.0,,,,
2022-11-20 04:28:07,22774709,58112,31,31.0,2.0,,4.0,,,,
2022-11-15 01:50:48,20525401,56232,3,1.0,,,86.0,,,,
2022-11-15 18:58:15,21708613,56373,65,60.0,23.0,4.0,220.0,,,,
2022-11-15 13:59:29,22235750,56326,17,13.0,3.0,,168.0,,,,
2022-11-15 09:51:35,22365056,56279,37,34.0,19.0,3.0,167.0,,,,
2022-12-02 14:05:08,11996541,69251,16,11.0,12.0,3.0,155.0,,,,
2022-12-02 11:29:42,15910336,68875,1,1.0,,,3.0,,,,
2022-12-02 11:16:45,16355064,68828,8,8.0,3.0,,14.0,,,,
2022-12-02 00:36:19,16884524,68593,155,142.0,27.0,4.0,218.0,,,,
2022-12-02 20:59:13,18360779,69627,1,1.0,,,,,,,
2022-12-02 16:07:34,19881930,69345,91,87.0,62.0,6.0,237.0,4.0,6.25,603.75,4.0
2022-12-02 16:25:59,20514499,69392,7,5.0,,,86.0,,,,
2022-12-02 07:42:48,21057690,68734,24,12.0,8.0,2.0,170.0,,,,
2022-12-02 20:18:11,21976862,69533,38,25.0,15.0,3.0,168.0,,,,
2022-12-02 10:49:05,22690069,68781,1,,,,86.0,,,,
2022-12-02 04:15:35,23347409,68640,8,5.0,,,86.0,,,,
2022-12-02 05:15:41,23958657,68687,56,53.0,27.0,4.0,171.0,,,,
2022-12-02 13:37:00,23973469,69157,13,7.0,,,86.0,,,,
2022-12-02 18:59:39,24043274,69486,55,48.0,12.0,3.0,171.0,,,,
2022-12-02 12:57:08,24548170,69110,39,39.0,18.0,3.0,84.0,,,,
2022-12-02 14:39:11,24555553,69298,3,3.0,1.0,,8.0,,,,
2022-12-02 12:01:01,24631752,69016,154,138.0,31.0,4.0,218.0,,,,
2022-12-02 13:54:06,24836820,69204,2,2.0,3.0,,40.0,,,,
2022-12-02 11:51:06,24883188,68969,13,6.0,3.0,2.0,170.0,,,,
2022-12-02 12:49:37,24962492,69063,15,12.0,6.0,2.0,170.0,,,,
2022-12-02 16:53:05,25021602,69439,10,4.0,,,86.0,,,,
2022-12-02 20:42:39,25037587,69580,12,6.0,11.0,3.0,166.0,,,,
2022-12-02 11:43:01,25090395,68922,36,30.0,9.0,2.0,171.0,,,,
2022-11-04 18:26:21,13834816,52143,101,94.0,28.0,4.0,219.0,1.0,17.0,423.0,1.0
2022-11-04 17:20:41,16974523,52049,89,77.0,28.0,4.0,168.0,,,,
2022-11-04 18:51:04,17153739,52190,1,1.0,,,5.0,,,,
2022-11-04 20:45:43,19026836,52284,26,23.0,9.0,2.0,170.0,,,,
2022-11-04 03:09:15,19143170,51767,42,40.0,16.0,3.0,165.0,,,,
2022-11-04 17:20:55,20136540,52096,1,,,,86.0,,,,
2022-11-04 20:20:20,20141807,52237,1,1.0,,,,,,,
2022-11-04 06:20:46,20317251,51814,2,,,,86.0,,,,
2022-11-04 15:09:09,20539339,52002,57,50.0,16.0,3.0,171.0,,,,
2022-11-04 14:21:02,20697556,51908,1,1.0,,,2.0,,,,
2022-11-04 06:38:46,20745281,51861,50,47.0,7.0,2.0,165.0,,,,
2022-11-04 15:06:56,20805380,51955,4,,,,86.0,,,,
2022-11-04 22:11:53,21186697,52378,24,17.0,9.0,2.0,170.0,,,,
2022-11-04 21:26:06,21386981,52331,39,27.0,9.0,3.0,171.0,,,,
2022-11-10 01:09:53,15188366,54352,5,3.0,,,86.0,,,,
2022-11-10 02:27:09,18917103,54399,59,58.0,10.0,3.0,171.0,,,,
2022-11-10 21:57:25,19510779,54634,4,4.0,,,37.0,,,,
2022-11-10 14:08:17,19582240,54540,14,14.0,2.0,,8.0,,,,
2022-11-10 13:18:37,20594240,54493,16,7.0,11.0,3.0,168.0,,,,
2022-11-10 16:18:24,20755700,54587,35,28.0,14.0,3.0,170.0,,,,
2022-11-10 00:36:45,21310943,54258,14,6.0,3.0,,171.0,,,,
2022-11-10 01:03:53,21778372,54305,6,1.0,8.0,2.0,171.0,,,,
2022-11-10 06:56:10,21945697,54446,41,35.0,14.0,3.0,169.0,,,,
